user_id,username,password,friends,sent_requests,received_requests
92f69d00-ece6-4a66-b642-47a500b71d2a,reza,8bd8b63d5cc9b9605c91427bd508db1b0e0d3d7c9c205054e57c6561334af295,[],['khotan],[]
6643be12-65b7-4fd0-a7aa-37839d792006,khotan,5741f636e1351950b4b2cbb8ba9ce2dc45d2a89827080039e314b0100e5e4b7c,[],[],[]
c4e9a6a3-d872-4e93-87e8-85eb3276df8d,lili,cbfad02f9ed2a8d1e08d8f74f5303e9eb93637d47f82ab6f1c15871cf8dd0481,[],[],[]
59402bf1-dfe4-43f3-9393-3cd6bc7930ab,khotan,5f395d07369071a505ef926527de2ac53e8c29e103dc63398315bc276224b81a,[],[],[]
d79c46ab-1f42-42a3-be36-f762c01232c4,jj,785f3ec7eb32f30b90cd0fcf3657d388b5ff4297f2f9716ff66e9b69c05ddd09,[],[],[]
c038394e-1297-4abd-b6ed-6680be7c16df,khotii,c81ce2684a7b8d8738cd9a978e5e1acc846eca4b92686420bc1e641d287c4e80,[],[],[]
0073042b-446f-44d4-83d1-6c15ec97d15d,shayesteh,a665a45920422f9d417e4867efdc4fb8a04a1f3fff1fa07e998e86f7f7a27ae3,[],[],[]
6a9506b8-476a-49a5-b357-4a49a1715d59,re/za,5f395d07369071a505ef926527de2ac53e8c29e103dc63398315bc276224b81a,[],[],[]
315a1b92-f71d-44a2-8113-c3e3e7841394,re/za,cbfad02f9ed2a8d1e08d8f74f5303e9eb93637d47f82ab6f1c15871cf8dd0481,[],[],[]
c9b767fb-7839-4413-b52c-1194ada794d2,sharif,d07164a628596323ebcf8796dee0e5c164620e0922b52483bc805f54416ee73c,[],[],[]
5dd7b058-4eb1-4c7e-891a-6580b6ad6a64,ali,6b51d431df5d7f141cbececcf79edf3dd861c3b4069f0b11661a3eefacbba918,[],[],[]
